Cinsiyet,Ornek_Sayisi,Ortalama_F0_Hz,Std_F0_Hz,Ortalama_ZCR,Ortalama_Energy
C,93,313.8979569892473,43.393017660106395,0.03653625806451613,38.83190848387097
E,116,164.20810344827586,48.8436552581859,0.025567172413793103,37.64571584482759
K,106,256.3774528301887,47.905915711076865,0.02698906603773585,40.315960377358486
